"","Row.names","Chao1","se.chao1","Shannon","dbp","diet"
"1","SRR8146935_bracken_species",621,0,3.66423949820964,0.120859528425706,"omnivore"
"2","SRR8146936_bracken_species",488,0,1.93506494681556,0.595448588524741,"omnivore"
"3","SRR8146938_bracken_species",730,0,3.95739344739353,0.0943493924451171,"omnivore"
"4","SRR8146944_bracken_species",476,0,2.29429460427686,0.577739887815675,"vegan"
"5","SRR8146951_bracken_species",720,0,3.05310523920785,0.385960710084879,"vegan"
"6","SRR8146952_bracken_species",713,0,3.43447691643064,0.335697302982787,"vegan"
"7","SRR8146954_bracken_species",679,0,3.14430958703076,0.350040867000365,"vegan"
"8","SRR8146956_bracken_species",776,0,4.24152801903659,0.0618352193006364,"omnivore"
